"Test","Target","Version","Round","CPU_min","CPU_max","RAM_min(KB)","RAM_max(KB)","Timestamp","Duration","SCRIPT_FILENAME","APPL_SCRIPT_NAME","Protocol","E1_ADDR","E2_ADDR","CONSECUTIVE_LOST","CPU_UTIL_E1","CPU_UTIL_E2","DELAY_FACTOR","DELAY_VARIATION","END_TO_END_DELAY","JITTER_AVG","JITTER_MIN","JITTER_MAX","MEDIA_LOSS_RATE","MOS_ESTIMATE_AVG","MOS_ESTIMATE_MIN","MOS_ESTIMATE_MAX","ONE_WAY_DELAY_AVG","ONE_WAY_DELAY_MIN","ONE_WAY_DELAY_MAX","R_VALUE_AVG","R_VALUE_MIN","R_VALUE_MAX","REL_PRECISION","RESP_TIME_AVG","RESP_TIME_MIN","RESP_TIME_MAX","RSSI_E1_AVG","RSSI_E1_MIN","RSSI_E1_MAX","RSSI_E2_AVG","RSSI_E2_MIN","RSSI_E2_MAX","THROUGHPUT_AVG","THROUGHPUT_MIN","THROUGHPUT_MAX","TRANS_RATE_AVG","TRANS_RATE_MIN","TRANS_RATE_MAX" 
"Test","Target","Version","Round","CPU_min","CPU_max","RAM_min(KB)","RAM_max(KB)","Timestamp","Duration","SCRIPT_FILENAME","APPL_SCRIPT_NAME","Protocol","E1_ADDR","E2_ADDR","CONSECUTIVE_LOST","CPU_UTIL_E1","CPU_UTIL_E2","DELAY_FACTOR","DELAY_VARIATION","END_TO_END_DELAY","JITTER_AVG","JITTER_MIN","JITTER_MAX","MEDIA_LOSS_RATE","MOS_ESTIMATE_AVG","MOS_ESTIMATE_MIN","MOS_ESTIMATE_MAX","ONE_WAY_DELAY_AVG","ONE_WAY_DELAY_MIN","ONE_WAY_DELAY_MAX","R_VALUE_AVG","R_VALUE_MIN","R_VALUE_MAX","REL_PRECISION","RESP_TIME_AVG","RESP_TIME_MIN","RESP_TIME_MAX","RSSI_E1_AVG","RSSI_E1_MIN","RSSI_E1_MAX","RSSI_E2_AVG","RSSI_E2_MIN","RSSI_E2_MAX","THROUGHPUT_AVG","THROUGHPUT_MIN","THROUGHPUT_MAX","TRANS_RATE_AVG","TRANS_RATE_MIN","TRANS_RATE_MAX" 
"ts004_packet_simulator_onelink.bat","AIFlow","1.1.5.0","1",                             "0","0","0",                             "370","0","371" 
"Test","Target","Version","Round","CPU_min","CPU_max","RAM_min(KB)","RAM_max(KB)","Timestamp","Duration","SCRIPT_FILENAME","APPL_SCRIPT_NAME","Protocol","E1_ADDR","E2_ADDR","CONSECUTIVE_LOST","CPU_UTIL_E1","CPU_UTIL_E2","DELAY_FACTOR","DELAY_VARIATION","END_TO_END_DELAY","JITTER_AVG","JITTER_MIN","JITTER_MAX","MEDIA_LOSS_RATE","MOS_ESTIMATE_AVG","MOS_ESTIMATE_MIN","MOS_ESTIMATE_MAX","ONE_WAY_DELAY_AVG","ONE_WAY_DELAY_MIN","ONE_WAY_DELAY_MAX","R_VALUE_AVG","R_VALUE_MIN","R_VALUE_MAX","REL_PRECISION","RESP_TIME_AVG","RESP_TIME_MIN","RESP_TIME_MAX","RSSI_E1_AVG","RSSI_E1_MIN","RSSI_E1_MAX","RSSI_E2_AVG","RSSI_E2_MIN","RSSI_E2_MAX","THROUGHPUT_AVG","THROUGHPUT_MIN","THROUGHPUT_MAX","TRANS_RATE_AVG","TRANS_RATE_MIN","TRANS_RATE_MAX" 
"ts004_packet_simulator_onelink.bat","AIFlow","1.1.5.0","1",                             "0","0","0",                             "386","0","395" 
"ts004_packet_simulator_onelink.bat","AIFlow","1.1.5.0","1",                             "0","0","0",                             "386","0","395" 
"Test","Target","Version","Round","CPU_min","CPU_max","RAM_min(KB)","RAM_max(KB)","Timestamp","Duration","SCRIPT_FILENAME","APPL_SCRIPT_NAME","Protocol","E1_ADDR","E2_ADDR","CONSECUTIVE_LOST","CPU_UTIL_E1","CPU_UTIL_E2","DELAY_FACTOR","DELAY_VARIATION","END_TO_END_DELAY","JITTER_AVG","JITTER_MIN","JITTER_MAX","MEDIA_LOSS_RATE","MOS_ESTIMATE_AVG","MOS_ESTIMATE_MIN","MOS_ESTIMATE_MAX","ONE_WAY_DELAY_AVG","ONE_WAY_DELAY_MIN","ONE_WAY_DELAY_MAX","R_VALUE_AVG","R_VALUE_MIN","R_VALUE_MAX","REL_PRECISION","RESP_TIME_AVG","RESP_TIME_MIN","RESP_TIME_MAX","RSSI_E1_AVG","RSSI_E1_MIN","RSSI_E1_MAX","RSSI_E2_AVG","RSSI_E2_MIN","RSSI_E2_MAX","THROUGHPUT_AVG","THROUGHPUT_MIN","THROUGHPUT_MAX","TRANS_RATE_AVG","TRANS_RATE_MIN","TRANS_RATE_MAX" 
"Test","Target","Version","Round","CPU_min","CPU_max","RAM_min(KB)","RAM_max(KB)","Timestamp","Duration","SCRIPT_FILENAME","APPL_SCRIPT_NAME","Protocol","E1_ADDR","E2_ADDR","CONSECUTIVE_LOST","CPU_UTIL_E1","CPU_UTIL_E2","DELAY_FACTOR","DELAY_VARIATION","END_TO_END_DELAY","JITTER_AVG","JITTER_MIN","JITTER_MAX","MEDIA_LOSS_RATE","MOS_ESTIMATE_AVG","MOS_ESTIMATE_MIN","MOS_ESTIMATE_MAX","ONE_WAY_DELAY_AVG","ONE_WAY_DELAY_MIN","ONE_WAY_DELAY_MAX","R_VALUE_AVG","R_VALUE_MIN","R_VALUE_MAX","REL_PRECISION","RESP_TIME_AVG","RESP_TIME_MIN","RESP_TIME_MAX","RSSI_E1_AVG","RSSI_E1_MIN","RSSI_E1_MAX","RSSI_E2_AVG","RSSI_E2_MIN","RSSI_E2_MAX","THROUGHPUT_AVG","THROUGHPUT_MIN","THROUGHPUT_MAX","TRANS_RATE_AVG","TRANS_RATE_MIN","TRANS_RATE_MAX" 
"ts004_packet_simulator_onelink.bat","AIFlow","1.1.5.0","1",                             "0","0","0",                             "328","0","331" 
"Test","Target","Version","Round","CPU_min","CPU_max","RAM_min(KB)","RAM_max(KB)","Timestamp","Duration","SCRIPT_FILENAME","APPL_SCRIPT_NAME","Protocol","E1_ADDR","E2_ADDR","CONSECUTIVE_LOST","CPU_UTIL_E1","CPU_UTIL_E2","DELAY_FACTOR","DELAY_VARIATION","END_TO_END_DELAY","JITTER_AVG","JITTER_MIN","JITTER_MAX","MEDIA_LOSS_RATE","MOS_ESTIMATE_AVG","MOS_ESTIMATE_MIN","MOS_ESTIMATE_MAX","ONE_WAY_DELAY_AVG","ONE_WAY_DELAY_MIN","ONE_WAY_DELAY_MAX","R_VALUE_AVG","R_VALUE_MIN","R_VALUE_MAX","REL_PRECISION","RESP_TIME_AVG","RESP_TIME_MIN","RESP_TIME_MAX","RSSI_E1_AVG","RSSI_E1_MIN","RSSI_E1_MAX","RSSI_E2_AVG","RSSI_E2_MIN","RSSI_E2_MAX","THROUGHPUT_AVG","THROUGHPUT_MIN","THROUGHPUT_MAX","TRANS_RATE_AVG","TRANS_RATE_MIN","TRANS_RATE_MAX" 
"ts004_packet_simulator_onelink.bat","AIFlow","1.1.5.0","1",                             "0","0","0",                             "346","0","347" 
"ts004_packet_simulator_onelink.bat","AIFlow","1.1.5.0","1",                             "0","0","0",                             "346","0","349" 
"Test","Target","Version","Round","CPU_min","CPU_max","RAM_min(KB)","RAM_max(KB)","Timestamp","Duration","SCRIPT_FILENAME","APPL_SCRIPT_NAME","Protocol","E1_ADDR","E2_ADDR","CONSECUTIVE_LOST","CPU_UTIL_E1","CPU_UTIL_E2","DELAY_FACTOR","DELAY_VARIATION","END_TO_END_DELAY","JITTER_AVG","JITTER_MIN","JITTER_MAX","MEDIA_LOSS_RATE","MOS_ESTIMATE_AVG","MOS_ESTIMATE_MIN","MOS_ESTIMATE_MAX","ONE_WAY_DELAY_AVG","ONE_WAY_DELAY_MIN","ONE_WAY_DELAY_MAX","R_VALUE_AVG","R_VALUE_MIN","R_VALUE_MAX","REL_PRECISION","RESP_TIME_AVG","RESP_TIME_MIN","RESP_TIME_MAX","RSSI_E1_AVG","RSSI_E1_MIN","RSSI_E1_MAX","RSSI_E2_AVG","RSSI_E2_MIN","RSSI_E2_MAX","THROUGHPUT_AVG","THROUGHPUT_MIN","THROUGHPUT_MAX","TRANS_RATE_AVG","TRANS_RATE_MIN","TRANS_RATE_MAX" 
"ts004_packet_simulator_onelink.bat","AIFlow","1.1.5.0","1",                             "0","0","0",                             "334","0","335" 
